lr	epoch	TrainAcc	TrainLoss	TestAcc	TestLoss	Time
0.7334613028813297	1	0.00988	4.667007289733887	0.0102	4.633494929504394	2019-04-09 13:46:54.268023
