lr	epoch	TrainAcc	TrainLoss	TestAcc	TestLoss	Time
0.00017697943945230824	1	0.01658	4.612450420856476	0.0271	4.532048563337326	2019-04-09 13:50:01.470459
