batch_size,lr,momentum,weight_decay,drop_rate,lr_decay,loss
128.0,0.05,0.9,0.004,0.5,0.5,76865555.75434707
128.0,0.05,0.9,0.004,0.5,0.5,42960696.60106377
128.0,0.05,0.9,0.004,0.5,0.5,31249565.818477474
128.0,0.05,0.9,0.004,0.5,0.5,12552534.788483273
128.0,0.05,0.9,0.004,0.5,0.5,89080156.21454135
128.0,0.05,0.9,0.004,0.5,0.5,16067926.849113474
128.0,0.05,0.9,0.004,0.5,0.5,62350795.87988149
