lr	epoch	TrainAcc	TrainLoss	TestAcc	TestLoss	Time
0.002408586006601783	1	0.0	100000000.0	0.0	100000000.0	2019-04-19 19:19:03.316285
