lr	epoch	TrainAcc	TrainLoss	TestAcc	TestLoss	Time
0.013617346632217886	1	0.0	100000000.0	0.0	100000000.0	2019-04-19 19:44:28.832535
