lr	epoch	TrainAcc	TrainLoss	TestAcc	TestLoss	Time
0.02327315769316799	1	0.0	100000000.0	0.0	100000000.0	2019-04-19 21:40:15.713372
