lr	epoch	TrainAcc	TrainLoss	TestAcc	TestLoss	Time
0.1300434592332444	1	0.0	100000000.0	0.0	100000000.0	2019-04-19 18:53:55.704655
