lr	epoch	TrainAcc	TrainLoss	TestAcc	TestLoss	Time
0.0037211170067494737	1	0.0	100000000.0	0.0	100000000.0	2019-04-19 16:34:16.701792
