lr	epoch	TrainAcc	TrainLoss	TestAcc	TestLoss	Time
0.0030996750384518694	1	0.0	100000000.0	0.0	100000000.0	2019-04-19 18:04:21.420525
