lr	epoch	TrainAcc	TrainLoss	TestAcc	TestLoss	Time
0.06673678672491597	1	0.0	100000000.0	0.0	100000000.0	2019-04-19 21:27:43.844251
