lr	epoch	TrainAcc	TrainLoss	TestAcc	TestLoss	Time
0.021842145889341667	1	0.0	100000000.0	0.0	100000000.0	2019-04-19 20:09:44.935100
