lr	epoch	TrainAcc	TrainLoss	TestAcc	TestLoss	Time
0.02313901676331073	1	0.0	100000000.0	0.0	100000000.0	2019-04-19 16:47:29.592286
