lr	epoch	TrainAcc	TrainLoss	TestAcc	TestLoss	Time
0.004395393040956839	1	0.0	100000000.0	0.0	100000000.0	2019-04-19 18:16:30.590060
