lr	epoch	TrainAcc	TrainLoss	TestAcc	TestLoss	Time
0.01663002468972431	1	0.0	100000000.0	0.0	100000000.0	2019-04-20 00:36:23.935299
