lr	epoch	TrainAcc	TrainLoss	TestAcc	TestLoss	Time
0.010887409103320577	1	0.0	100000000.0	0.0	100000000.0	2019-04-19 20:34:31.194199
