lr	epoch	TrainAcc	TrainLoss	TestAcc	TestLoss	Time
0.03998012693959341	1	0.0	100000000.0	0.0	100000000.0	2019-04-19 17:38:11.259851
