lr	epoch	TrainAcc	TrainLoss	TestAcc	TestLoss	Time
0.015535665084503348	1	0.0	100000000.0	0.0	100000000.0	2019-04-19 19:06:27.808503
