lr	epoch	TrainAcc	TrainLoss	TestAcc	TestLoss	Time
0.010478925404701437	1	0.0	100000000.0	0.0	100000000.0	2019-04-18 15:59:41.616364
