lr	epoch	TrainAcc	TrainLoss	TestAcc	TestLoss	Time
0.0752832167049271	1	0.0	100000000.0	0.0	100000000.0	2019-04-18 15:22:13.554615
