lr	epoch	TrainAcc	TrainLoss	TestAcc	TestLoss	Time
0.11300414932978496	1	0.0	100000000.0	0.0	100000000.0	2019-04-18 15:34:26.545618
