lr	epoch	TrainAcc	TrainLoss	TestAcc	TestLoss	Time
0.030170518258101565	1	0.0	100000000.0	0.0	100000000.0	2019-04-18 18:39:05.348705
