lr	epoch	TrainAcc	TrainLoss	TestAcc	TestLoss	Time
0.0028551610545488894	1	0.0	100000000.0	0.0	100000000.0	2019-04-18 14:57:07.986011
