lr	epoch	TrainAcc	TrainLoss	TestAcc	TestLoss	Time
0.004197542107624262	1	0.0	100000000.0	0.0	100000000.0	2019-04-18 18:14:42.909167
