lr	epoch	TrainAcc	TrainLoss	TestAcc	TestLoss	Time
0.003900759405634076	1	0.0	100000000.0	0.0	100000000.0	2019-04-18 17:13:26.876354
