lr	epoch	TrainAcc	TrainLoss	TestAcc	TestLoss	Time
0.019240265848507625	1	0.0	100000000.0	0.0	100000000.0	2019-04-18 14:18:55.104815
