lr	epoch	TrainAcc	TrainLoss	TestAcc	TestLoss	Time
0.011574550147000984	1	0.0	100000000.0	0.0	100000000.0	2019-04-18 14:05:17.756356
