lr	epoch	TrainAcc	TrainLoss	TestAcc	TestLoss	Time
0.017571184616510246	1	0.0	100000000.0	0.0	100000000.0	2019-04-18 21:26:47.472111
