lr	epoch	TrainAcc	TrainLoss	TestAcc	TestLoss	Time
0.0037772460700883823	1	0.0	100000000.0	0.0	100000000.0	2019-04-18 21:02:54.086210
