lr	epoch	TrainAcc	TrainLoss	TestAcc	TestLoss	Time
0.054656466752627135	1	0.0	100000000.0	0.0	100000000.0	2019-04-18 16:48:29.825605
