lr	epoch	TrainAcc	TrainLoss	TestAcc	TestLoss	Time
0.004070634625895538	1	0.0	100000000.0	0.0	100000000.0	2019-04-18 18:27:00.147665
