lr	epoch	TrainAcc	TrainLoss	TestAcc	TestLoss	Time
0.016135345446934946	1	0.0	100000000.0	0.0	100000000.0	2019-04-18 22:26:45.633469
