lr	epoch	TrainAcc	TrainLoss	TestAcc	TestLoss	Time
0.007571701864519467	1	0.0	100000000.0	0.0	100000000.0	2019-04-18 16:48:29.200226
