lr	epoch	TrainAcc	TrainLoss	TestAcc	TestLoss	Time
0.11992643748526557	1	0.0	100000000.0	0.0	100000000.0	2019-04-18 17:00:51.971117
