lr	epoch	TrainAcc	TrainLoss	TestAcc	TestLoss	Time
0.03201080876530824	1	0.0	100000000.0	0.0	100000000.0	2019-04-19 23:08:22.027299
