lr	epoch	TrainAcc	TrainLoss	TestAcc	TestLoss	Time
0.030791363661268896	1	0.0	100000000.0	0.0	100000000.0	2019-04-20 00:44:48.161634
