lr	epoch	TrainAcc	TrainLoss	TestAcc	TestLoss	Time
0.12259128207457284	1	0.0	100000000.0	0.0	100000000.0	2019-04-19 21:30:40.366754
