lr	epoch	TrainAcc	TrainLoss	TestAcc	TestLoss	Time
0.013056821106755654	1	0.0	100000000.0	0.0	100000000.0	2019-04-19 21:43:25.292042
