lr	epoch	TrainAcc	TrainLoss	TestAcc	TestLoss	Time
0.006182129509032834	1	0.0	100000000.0	0.0	100000000.0	2019-04-19 20:04:58.936687
