lr	epoch	TrainAcc	TrainLoss	TestAcc	TestLoss	Time
0.009950421600935745	1	0.0	100000000.0	0.0	100000000.0	2019-04-20 01:56:19.704153
