lr	epoch	TrainAcc	TrainLoss	TestAcc	TestLoss	Time
0.02349265803051808	1	0.0	100000000.0	0.0	100000000.0	2019-04-20 07:41:55.614650
