lr	epoch	TrainAcc	TrainLoss	TestAcc	TestLoss	Time
0.7742417149819404	1	0.0	100000000.0	0.0	100000000.0	2019-04-19 19:00:49.008378
