lr	epoch	TrainAcc	TrainLoss	TestAcc	TestLoss	Time
0.061656356310801776	1	0.0	100000000.0	0.0	100000000.0	2019-04-20 02:08:08.345864
