lr	epoch	TrainAcc	TrainLoss	TestAcc	TestLoss	Time
0.05479015810267662	1	0.0	100000000.0	0.0	100000000.0	2019-04-19 19:38:46.385808
