lr	epoch	TrainAcc	TrainLoss	TestAcc	TestLoss	Time
0.018306315673527536	1	0.0	100000000.0	0.0	100000000.0	2019-04-19 19:52:32.948123
