lr	epoch	TrainAcc	TrainLoss	TestAcc	TestLoss	Time
0.033584519678705516	1	0.0	100000000.0	0.0	100000000.0	2019-04-20 04:31:34.125461
