lr	epoch	TrainAcc	TrainLoss	TestAcc	TestLoss	Time
0.031213489253136707	1	0.0	100000000.0	0.0	100000000.0	2019-04-20 04:07:44.126892
