lr	epoch	TrainAcc	TrainLoss	TestAcc	TestLoss	Time
0.022775417043777696	1	0.0	100000000.0	0.0	100000000.0	2019-04-19 21:30:39.651383
