lr	epoch	TrainAcc	TrainLoss	TestAcc	TestLoss	Time
0.028936932692542074	1	0.0	100000000.0	0.0	100000000.0	2019-04-19 22:07:58.702744
