lr	epoch	TrainAcc	TrainLoss	TestAcc	TestLoss	Time
0.0558976169892456	1	0.0	100000000.0	0.0	100000000.0	2019-04-20 00:08:53.769589
