lr	epoch	TrainAcc	TrainLoss	TestAcc	TestLoss	Time
0.47117053100368017	1	0.0	100000000.0	0.0	100000000.0	2019-04-19 18:47:47.489660
