lr	epoch	TrainAcc	TrainLoss	TestAcc	TestLoss	Time
0.06004862314871829	1	0.0	100000000.0	0.0	100000000.0	2019-04-19 23:20:27.820625
