lr	epoch	TrainAcc	TrainLoss	TestAcc	TestLoss	Time
0.01703106199244485	1	0.0	100000000.0	0.0	100000000.0	2019-04-19 21:06:36.495037
