lr	epoch	TrainAcc	TrainLoss	TestAcc	TestLoss	Time
0.11001405106404384	1	0.0	100000000.0	0.0	100000000.0	2019-04-19 21:55:46.361606
