lr	epoch	TrainAcc	TrainLoss	TestAcc	TestLoss	Time
0.013306053264983866	1	0.0	100000000.0	0.0	100000000.0	2019-04-19 19:13:06.862171
