lr	epoch	TrainAcc	TrainLoss	TestAcc	TestLoss	Time
0.07732316194264764	1	0.0	100000000.0	0.0	100000000.0	2019-04-19 23:32:36.822458
