lr	epoch	TrainAcc	TrainLoss	TestAcc	TestLoss	Time
0.015337314193775164	1	0.0	100000000.0	0.0	100000000.0	2019-04-20 01:32:48.830250
