lr	epoch	TrainAcc	TrainLoss	TestAcc	TestLoss	Time
0.03508109988474033	1	0.0	100000000.0	0.0	100000000.0	2019-04-19 23:56:46.371489
