lr	epoch	TrainAcc	TrainLoss	TestAcc	TestLoss	Time
0.017145201178031966	1	0.0	100000000.0	0.0	100000000.0	2019-04-19 22:44:15.630374
