lr	epoch	TrainAcc	TrainLoss	TestAcc	TestLoss	Time
0.002904235557366793	1	0.0	100000000.0	0.0	100000000.0	2019-04-18 17:35:59.294434
