lr	epoch	TrainAcc	TrainLoss	TestAcc	TestLoss	Time
0.004972326651185955	1	0.0	100000000.0	0.0	100000000.0	2019-04-18 20:20:40.821896
