lr	epoch	TrainAcc	TrainLoss	TestAcc	TestLoss	Time
0.006899872893548494	1	0.0	100000000.0	0.0	100000000.0	2019-04-18 14:02:03.437652
