lr	epoch	TrainAcc	TrainLoss	TestAcc	TestLoss	Time
0.0029124402088753893	1	0.0	100000000.0	0.0	100000000.0	2019-04-18 18:26:39.346285
