lr	epoch	TrainAcc	TrainLoss	TestAcc	TestLoss	Time
0.02895315106979576	1	0.0	100000000.0	0.0	100000000.0	2019-04-18 15:42:02.469411
