lr	epoch	TrainAcc	TrainLoss	TestAcc	TestLoss	Time
0.024589950075255055	1	0.0	100000000.0	0.0	100000000.0	2019-04-18 20:45:33.467232
