lr	epoch	TrainAcc	TrainLoss	TestAcc	TestLoss	Time
0.01609893535104314	1	0.0	100000000.0	0.0	100000000.0	2019-04-18 18:00:56.332042
