lr	epoch	TrainAcc	TrainLoss	TestAcc	TestLoss	Time
0.004957789674972905	1	0.0	100000000.0	0.0	100000000.0	2019-04-18 15:54:46.635342
