lr	epoch	TrainAcc	TrainLoss	TestAcc	TestLoss	Time
0.044809014258446744	1	0.0	100000000.0	0.0	100000000.0	2019-04-18 13:49:57.745990
