lr	epoch	TrainAcc	TrainLoss	TestAcc	TestLoss	Time
0.025801850554405144	1	0.0	100000000.0	0.0	100000000.0	2019-04-18 16:06:59.987088
