lr	epoch	TrainAcc	TrainLoss	TestAcc	TestLoss	Time
0.2353275172535575	1	0.0	100000000.0	0.0	100000000.0	2019-04-18 15:17:17.003474
