lr	epoch	TrainAcc	TrainLoss	TestAcc	TestLoss	Time
0.007073250067635506	1	0.0	100000000.0	0.0	100000000.0	2019-04-18 21:22:32.385405
