lr	epoch	TrainAcc	TrainLoss	TestAcc	TestLoss	Time
0.0042080657722365165	1	0.0	100000000.0	0.0	100000000.0	2019-04-18 16:20:17.224810
