lr	epoch	TrainAcc	TrainLoss	TestAcc	TestLoss	Time
0.0028900176925941786	1	0.0	100000000.0	0.0	100000000.0	2019-04-18 14:39:56.268133
