lr	epoch	TrainAcc	TrainLoss	TestAcc	TestLoss	Time
0.12732552000710967	1	0.0	100000000.0	0.0	100000000.0	2019-04-18 14:27:17.087987
