lr	epoch	TrainAcc	TrainLoss	TestAcc	TestLoss	Time
0.010338209291028041	1	0.0	100000000.0	0.0	100000000.0	2019-04-18 14:14:26.287666
