lr	epoch	TrainAcc	TrainLoss	TestAcc	TestLoss	Time
0.007187031659877362	1	0.0	100000000.0	0.0	100000000.0	2019-04-18 19:31:11.725818
