lr	epoch	TrainAcc	TrainLoss	TestAcc	TestLoss	Time
0.014432911252747661	1	0.0	100000000.0	0.0	100000000.0	2019-04-18 20:08:22.354278
